onset	duration	trial_type	Word	Correlation	NewWord
0	0	word_selection	horror	0.481801807880402	0
2.74114298820496	0	word_selection	amen	0	1
4.35931205749512	0	word_selection	terror	0.531777259707451	0
10.3647329807281	0	word_selection	nuevo	0	1
21.2161939144135	0	word_selection	gracias	0	1
22.8460350036621	0	word_selection	encierre	0	1
40.6655139923096	0	word_selection	rudo	0	1
42.7202048301697	0	word_selection	violento	0	1
51.2870540618896	0	word_selection	oscuro	0	1
69.6022119522095	0	word_selection	sombrio	0.598536670207977	0
79.9758489131927	0	word_selection	fuerte	0	1
92.393326997757	0	word_selection	directo	0	1
93.5840380191803	0	word_selection	amen	0	1
111.672562837601	0	word_selection	silencioso	0.382508415661752	0
124.822489023209	0	word_selection	tenso	0	1
137.611879825592	0	word_selection	firme	0	1
158.865871906281	0	word_selection	dolor	0	1
163.570271968842	0	word_selection	enfermedad	0	1
164.934073925018	0	word_selection	si	0	1
168.254997014999	0	word_selection	muerte	0	1
