onset	EDA
0.444398880004883	1.506192
0.694398880004883	1.49979
0.944398880004883	1.495949
1.19439888000488	1.489547
1.44439888000488	1.494668
1.69439888000488	1.480584
1.94439888000488	1.478023
2.19439888000488	1.474182
2.44439888000488	1.465219
2.69439888000488	1.4665
2.94439888000488	1.46778
3.19439888000488	1.46906
3.44439888000488	1.472902
3.69439888000488	1.462658
3.94439888000488	1.457537
4.19439888000488	1.454976
4.44439888000488	1.449854
4.69439888000488	1.443452
4.94439888000488	1.43705
5.19439888000488	1.438331
5.44439888000488	1.442172
5.69439888000488	1.440892
5.94439888000488	1.463939
6.19439888000488	1.508753
6.44439888000488	1.568932
6.69439888000488	1.656
6.94439888000488	1.712337
7.19439888000488	1.745628
7.44439888000488	1.768675
7.69439888000488	1.780199
7.94439888000488	1.78404
8.19439888000488	1.791723
8.44439888000488	1.772517
8.69439888000488	1.758432
8.94439888000488	1.736665
9.19439888000488	1.722581
9.44439888000488	1.704655
9.69439888000488	1.694412
9.94439888000488	1.677767
10.1943988800049	1.663682
10.4443988800049	1.649598
10.6943988800049	1.644476
10.9443988800049	1.634233
11.1943988800049	1.62655
11.4443988800049	1.617587
11.6943988800049	1.615027
11.9443988800049	1.602223
12.1943988800049	1.59454
12.4443988800049	1.590699
12.6943988800049	1.585577
12.9443988800049	1.580456
13.1943988800049	1.576614
13.4443988800049	1.570212
13.6943988800049	1.545885
13.9443988800049	1.517716
14.1943988800049	1.393516
14.4443988800049	1.544604
14.6943988800049	1.542044
14.9443988800049	1.524118
15.1943988800049	1.53052
15.4443988800049	1.506192
15.6943988800049	1.481864
15.9443988800049	1.489547
16.1943988800049	1.49851
16.4443988800049	1.508753
16.6943988800049	1.557408
16.9443988800049	1.558689
17.1943988800049	1.56125
17.4443988800049	1.548446
17.6943988800049	1.545885
17.9443988800049	1.521557
18.1943988800049	1.520277
18.4443988800049	1.5318
18.6943988800049	1.535642
18.9443988800049	1.539483
19.1943988800049	1.529239
19.4443988800049	1.5318
19.6943988800049	1.559969
19.9443988800049	1.56253
20.1943988800049	1.556128
20.4443988800049	1.548446
20.6943988800049	1.544604
20.9443988800049	1.554848
21.1943988800049	1.565091
21.4443988800049	1.567652
21.6943988800049	1.551006
21.9443988800049	1.574054
22.1943988800049	1.566371
22.4443988800049	1.545885
22.6943988800049	1.529239
22.9443988800049	1.534361
23.1943988800049	1.50107
23.4443988800049	1.497229
23.6943988800049	1.502351
23.9443988800049	1.494668
24.1943988800049	1.490827
24.4443988800049	1.507473
24.6943988800049	1.542044
24.9443988800049	1.591979
25.1943988800049	1.630391
25.4443988800049	1.703375
25.6943988800049	1.732824
25.9443988800049	1.737946
26.1943988800049	1.78276
26.4443988800049	1.842939
26.6943988800049	1.956895
26.9443988800049	2.003189
27.1943988800049	2.048003
27.4443988800049	2.095378
27.6943988800049	2.1005
27.9443988800049	2.105621
28.1943988800049	2.081294
28.4443988800049	2.091537
28.6943988800049	2.080013
28.9443988800049	2.035199
29.1943988800049	2.018554
29.4443988800049	1.996787
29.6943988800049	1.982702
29.9443988800049	1.985263
30.1943988800049	1.989104
30.4443988800049	1.999348
30.6943988800049	2.001909
30.9443988800049	1.996787
31.1943988800049	1.987824
31.4443988800049	1.992946
31.6943988800049	1.9763
31.9443988800049	1.955814
32.1943988800049	1.94429
32.4443988800049	1.923804
32.6943988800049	1.918682
32.9443988800049	1.908439
33.1943988800049	1.903317
33.4443988800049	1.928925
33.6943988800049	1.998067
33.9443988800049	2.076172
34.1943988800049	2.16452
34.4443988800049	2.242625
34.6943988800049	2.297682
34.9443988800049	2.295121
35.1943988800049	2.287439
35.4443988800049	2.241344
35.6943988800049	2.233662
35.9443988800049	2.311767
36.1943988800049	2.437247
36.4443988800049	2.527635
36.6943988800049	2.6083
36.9443988800049	2.658236
37.1943988800049	2.66976
37.4443988800049	2.680003
37.6943988800049	2.676162
37.9443988800049	2.70049
38.1943988800049	2.686405
38.4443988800049	2.655675
38.6943988800049	2.630067
38.9443988800049	2.452091
39.1943988800049	2.532756
39.4443988800049	2.490503
39.6943988800049	2.445689
39.9443988800049	2.409837
40.1943988800049	2.380388
40.4443988800049	2.362462
40.6943988800049	2.339415
40.9443988800049	2.317648
41.1943988800049	2.304844
41.4443988800049	2.297162
41.6943988800049	2.312526
41.9443988800049	2.358621
42.1943988800049	2.405996
42.4443988800049	2.491783
42.6943988800049	2.522513
42.9443988800049	2.546841
43.1943988800049	2.557084
43.4443988800049	2.549402
43.6943988800049	2.540439
43.9443988800049	2.505868
44.1943988800049	2.477699
44.4443988800049	2.454652
44.6943988800049	2.439287
44.9443988800049	2.427763
45.1943988800049	2.4188
45.4443988800049	2.402155
45.6943988800049	2.38807
45.9443988800049	2.372705
46.1943988800049	2.365023
46.4443988800049	2.357341
46.6943988800049	2.368864
46.9443988800049	2.379107
47.1943988800049	2.412398
47.4443988800049	2.463614
47.6943988800049	2.51227
47.9443988800049	2.560925
48.1943988800049	2.57501
48.4443988800049	2.581412
48.6943988800049	2.581412
48.9443988800049	2.563486
49.1943988800049	2.541719
49.4443988800049	2.489223
49.6943988800049	2.466175
49.9443988800049	2.446969
50.1943988800049	2.03852
50.4443988800049	2.443128
50.6943988800049	2.192168
50.9443988800049	2.461054
51.1943988800049	2.51227
51.4443988800049	2.688966
51.6943988800049	2.837493
51.9443988800049	2.896392
52.1943988800049	2.914317
52.4443988800049	2.910476
52.6943988800049	2.857979
52.9443988800049	1.81829
53.1943988800049	2.596017
53.4443988800049	2.64031
53.6943988800049	2.6083
53.9443988800049	2.578851
54.1943988800049	2.554523
54.4443988800049	2.531476
54.6943988800049	2.507148
54.9443988800049	2.503307
55.1943988800049	2.490503
55.4443988800049	2.476418
55.6943988800049	2.48026
55.9443988800049	2.484101
56.1943988800049	2.468736
56.4443988800049	2.471297
56.6943988800049	2.464895
56.9443988800049	2.453371
57.1943988800049	2.453371
57.4443988800049	2.457212
57.6943988800049	2.477699
57.9443988800049	2.462334
58.1943988800049	2.457212
58.4443988800049	2.443128
58.6943988800049	2.432885
58.9443988800049	2.4188
59.1943988800049	2.403435
59.4443988800049	2.405996
59.6943988800049	2.398314
59.9443988800049	2.395753
60.1943988800049	2.389351
60.4443988800049	2.380388
60.6943988800049	2.377827
60.9443988800049	2.372705
61.1943988800049	2.372705
61.4443988800049	2.372705
61.6943988800049	2.371425
61.9443988800049	2.365023
62.1943988800049	2.362462
62.4443988800049	2.365023
62.6943988800049	2.380388
62.9443988800049	2.403435
63.1943988800049	2.432885
63.4443988800049	2.443128
63.6943988800049	2.441847
63.9443988800049	2.436726
64.1943988800049	2.445689
64.4443988800049	2.464895
64.6943988800049	2.558364
64.9443988800049	2.713294
65.1943988800049	2.933523
65.4443988800049	3.120768
65.6943988800049	3.211677
65.9443988800049	3.242407
66.1943988800049	3.257771
66.4443988800049	3.209116
66.6943988800049	3.133572
66.9443988800049	3.154058
67.1943988800049	3.197592
67.4443988800049	3.266734
67.6943988800049	3.311548
67.9443988800049	3.319231
68.1943988800049	3.282099
68.4443988800049	3.218079
68.6943988800049	3.164302
68.9443988800049	3.113086
69.1943988800049	3.046504
69.4443988800049	2.991447
69.6943988800049	2.945352
69.9443988800049	2.915903
70.1943988800049	2.899258
70.4443988800049	2.886454
70.6943988800049	2.878771
70.9443988800049	2.860846
71.1943988800049	2.845481
71.4443988800049	2.799386
71.6943988800049	2.630373
71.9443988800049	2.641896
72.1943988800049	2.707197
72.4443988800049	2.794264
72.6943988800049	2.93767
72.9443988800049	3.123329
73.1943988800049	3.28594
73.4443988800049	3.384531
73.6943988800049	3.282099
73.9443988800049	3.499768
74.1943988800049	3.48531
74.4443988800049	3.473786
74.6943988800049	3.405925
74.9443988800049	3.349587
75.1943988800049	3.276604
75.4443988800049	3.213864
75.6943988800049	3.161367
75.9443988800049	3.119114
76.1943988800049	3.079421
76.4443988800049	3.048692
76.6943988800049	3.026925
76.9443988800049	3.002597
77.1943988800049	2.987232
77.4443988800049	2.991073
77.6943988800049	2.970587
77.9443988800049	2.960343
78.1943988800049	2.947539
78.4443988800049	2.990166
78.6943988800049	3.088758
78.9443988800049	3.225761
79.1943988800049	3.355082
79.4443988800049	3.438309
79.6943988800049	3.47544
79.9443988800049	3.414887
80.1943988800049	3.382877
80.4443988800049	3.384158
80.6943988800049	3.380316
80.9443988800049	3.39184
81.1943988800049	3.471226
81.4443988800049	3.567256
81.6943988800049	3.659445
81.9443988800049	3.672249
82.1943988800049	3.649202
82.4443988800049	3.61335
82.6943988800049	3.572377
82.9443988800049	3.508357
83.1943988800049	3.440496
83.4443988800049	3.386719
83.6943988800049	3.347026
83.9443988800049	3.304773
84.1943988800049	3.270202
84.4443988800049	3.244594
84.6943988800049	3.225388
84.9443988800049	3.188256
85.1943988800049	3.166489
85.4443988800049	3.156245
85.6943988800049	3.148563
85.9443988800049	3.140881
86.1943988800049	3.122955
86.4443988800049	3.113992
86.6943988800049	3.111431
86.9443988800049	3.102468
87.1943988800049	3.092225
87.4443988800049	3.078141
87.6943988800049	3.073019
87.9443988800049	3.069178
88.1943988800049	3.069178
88.4443988800049	3.07686
88.6943988800049	3.070458
88.9443988800049	3.062776
89.1943988800049	3.060215
89.4443988800049	3.098627
89.6943988800049	3.094786
89.9443988800049	3.085823
90.1943988800049	3.07686
90.4443988800049	3.07558
90.6943988800049	3.158806
90.9443988800049	3.311175
91.1943988800049	3.523722
91.4443988800049	3.692736
91.6943988800049	3.777242
91.9443988800049	3.848945
92.1943988800049	3.869432
92.4443988800049	3.820776
92.6943988800049	3.752915
92.9443988800049	3.708101
93.1943988800049	3.604388
93.4443988800049	3.51604
93.6943988800049	3.443057
93.9443988800049	3.387999
94.1943988800049	3.36111
94.4443988800049	3.347026
94.6943988800049	3.335502
94.9443988800049	3.321418
95.1943988800049	3.306053
95.4443988800049	3.291969
95.6943988800049	3.267641
95.9443988800049	3.276604
96.1943988800049	3.274043
96.4443988800049	3.266361
96.6943988800049	3.254837
96.9443988800049	3.238192
97.1943988800049	3.225388
97.4443988800049	3.238192
97.6943988800049	3.343185
97.9443988800049	3.400803
98.1943988800049	3.45458
98.4443988800049	3.464823
98.6943988800049	3.482749
98.9443988800049	3.490432
99.1943988800049	3.531404
99.4443988800049	3.649202
99.6943988800049	3.793888
99.9443988800049	3.868151
100.194398880005	3.906564
100.444398880005	3.89504
100.694398880005	3.856628
100.944398880005	3.814374
101.194398880005	3.750354
101.444398880005	3.679932
101.694398880005	3.629996
101.944398880005	3.576219
102.194398880005	3.530124
102.444398880005	3.476347
102.694398880005	3.439215
102.944398880005	3.430252
103.194398880005	3.420009
103.444398880005	3.412327
103.694398880005	3.402083
103.944398880005	3.387999
104.194398880005	3.384158
104.444398880005	3.372634
104.694398880005	3.372634
104.944398880005	3.349587
105.194398880005	3.345746
105.444398880005	3.331661
105.694398880005	3.355989
105.944398880005	3.490432
106.194398880005	3.67609
106.444398880005	3.852786
106.694398880005	3.982107
106.944398880005	4.03091
107.194398880005	4.043714
107.444398880005	4.001461
107.694398880005	3.941281
107.944398880005	3.877261
108.194398880005	3.817082
108.444398880005	3.762025
108.694398880005	3.708247
108.944398880005	3.660872
109.194398880005	3.639106
109.444398880005	3.612217
109.694398880005	3.580207
109.944398880005	3.549477
110.194398880005	3.52771
110.444398880005	3.523869
110.694398880005	3.509784
110.944398880005	3.49698
111.194398880005	3.481616
111.444398880005	3.471372
111.694398880005	3.479055
111.944398880005	3.477774
112.194398880005	3.481616
112.444398880005	3.467531
112.694398880005	3.461129
112.944398880005	3.450886
113.194398880005	3.4533
113.444398880005	3.441776
113.694398880005	3.464823
113.944398880005	3.571097
114.194398880005	3.699138
114.444398880005	3.836141
114.694398880005	3.892479
114.944398880005	3.915526
115.194398880005	3.905283
115.444398880005	3.884797
115.694398880005	3.837421
115.944398880005	3.781084
116.194398880005	3.723465
116.444398880005	3.688895
116.694398880005	3.646641
116.944398880005	3.61079
117.194398880005	3.597986
117.444398880005	3.58134
117.694398880005	3.557013
117.944398880005	3.546769
118.194398880005	3.539087
118.444398880005	3.51732
118.694398880005	3.507077
118.944398880005	3.501955
119.194398880005	3.512198
119.444398880005	3.525002
119.694398880005	3.576219
119.944398880005	3.628715
120.194398880005	3.663286
120.444398880005	3.686334
120.694398880005	3.692736
120.944398880005	3.677371
121.194398880005	3.668408
121.444398880005	3.646641
121.694398880005	3.619752
121.944398880005	3.597986
122.194398880005	3.573658
122.444398880005	3.555732
122.694398880005	3.574938
122.944398880005	3.653043
123.194398880005	3.747793
123.444398880005	3.816935
123.694398880005	3.843823
123.944398880005	3.856628
124.194398880005	3.846384
124.444398880005	3.828459
124.694398880005	3.793888
124.944398880005	3.754195
125.194398880005	3.709381
125.444398880005	3.677371
125.694398880005	3.665847
125.944398880005	3.727307
126.194398880005	3.893759
126.444398880005	4.08454
126.694398880005	4.303636
126.944398880005	4.444481
127.194398880005	4.472559
127.444398880005	4.457195
127.694398880005	4.514813
127.944398880005	4.526337
128.194398880005	4.502009
128.444398880005	4.445671
128.694398880005	4.339397
128.944398880005	4.230563
129.194398880005	4.131972
129.444398880005	4.058989
129.694398880005	3.988566
129.944398880005	3.927107
130.194398880005	3.913112
130.444398880005	3.867018
130.694398880005	3.888785
130.944398880005	3.881102
131.194398880005	3.817082
131.444398880005	3.804278
131.694398880005	3.87342
131.944398880005	3.989937
132.194398880005	4.101332
132.444398880005	4.169194
132.694398880005	4.178156
132.944398880005	4.165352
133.194398880005	4.134623
133.444398880005	4.097491
133.694398880005	4.066761
133.944398880005	4.03219
134.194398880005	4.027069
134.444398880005	4.016825
134.694398880005	3.996339
134.944398880005	3.979694
135.194398880005	3.941281
135.444398880005	3.909271
135.694398880005	3.888785
135.944398880005	3.860616
136.194398880005	3.829886
136.444398880005	3.804278
136.694398880005	3.786352
136.944398880005	3.759464
137.194398880005	3.742818
137.444398880005	3.726173
137.694398880005	3.730014
137.944398880005	3.735136
138.194398880005	3.727453
138.444398880005	3.750501
138.694398880005	3.774829
138.944398880005	3.787633
139.194398880005	3.795315
139.444398880005	3.806839
139.694398880005	3.773548
139.944398880005	3.762025
140.194398880005	3.732575
140.444398880005	3.765866
140.694398880005	3.870859
140.944398880005	3.973291
141.194398880005	4.053957
141.444398880005	4.101332
141.694398880005	4.135903
141.944398880005	4.112856
142.194398880005	4.089808
142.444398880005	4.055237
142.694398880005	4.016825
142.944398880005	3.980974
143.194398880005	3.946403
143.444398880005	3.90543
143.694398880005	3.881102
143.944398880005	3.861896
144.194398880005	3.837569
144.444398880005	3.815802
144.694398880005	3.801717
144.944398880005	3.790194
145.194398880005	3.790194
145.444398880005	3.791474
145.694398880005	3.787633
145.944398880005	3.791474
146.194398880005	3.791474
146.444398880005	3.790194
146.694398880005	3.831167
146.944398880005	3.940001
147.194398880005	4.074444
147.444398880005	4.165352
147.694398880005	4.212728
147.944398880005	4.225532
148.194398880005	4.207606
148.444398880005	4.171754
148.694398880005	4.115417
148.944398880005	4.0642
149.194398880005	4.019386
149.444398880005	3.965609
149.694398880005	3.911832
149.944398880005	3.878541
150.194398880005	3.856775
150.444398880005	3.845251
150.694398880005	3.827325
150.944398880005	3.81196
151.194398880005	3.804278
151.444398880005	3.804278
151.694398880005	3.790194
151.944398880005	3.776109
152.194398880005	3.770987
152.444398880005	3.760744
152.694398880005	3.758183
152.944398880005	3.74666
153.194398880005	3.745379
153.444398880005	3.740258
153.694398880005	3.753062
153.944398880005	3.815802
154.194398880005	3.900308
154.444398880005	3.984815
154.694398880005	4.034751
154.944398880005	4.075724
155.194398880005	4.092369
155.444398880005	4.084687
155.694398880005	4.077004
155.944398880005	4.047555
156.194398880005	4.010423
156.444398880005	3.96945
156.694398880005	3.960487
156.944398880005	3.954085
157.194398880005	4.001461
157.444398880005	4.089808
157.694398880005	4.15639
157.944398880005	4.202484
158.194398880005	4.22041
158.444398880005	4.179437
158.694398880005	4.133342
158.944398880005	4.097491
159.194398880005	4.059079
159.444398880005	4.025788
159.694398880005	4.005301
159.944398880005	3.977133
160.194398880005	4.024508
160.444398880005	4.203764
160.694398880005	4.456005
160.944398880005	4.644134
161.194398880005	4.75809
161.444398880005	4.808026
161.694398880005	4.774735
161.944398880005	4.719678
162.194398880005	4.746566
162.444398880005	4.846438
162.694398880005	4.905337
162.944398880005	4.895093
163.194398880005	4.888691
163.444398880005	4.831073
163.694398880005	4.770894
163.944398880005	4.799063
164.194398880005	4.877168
164.444398880005	4.919421
164.694398880005	4.920702
164.944398880005	4.884851
165.194398880005	4.813148
165.444398880005	4.685107
165.694398880005	4.56859
165.944398880005	4.468719
166.194398880005	4.417502
166.444398880005	4.466157
166.694398880005	4.554506
166.944398880005	4.621087
167.194398880005	4.647975
167.444398880005	4.645414
167.694398880005	4.621087
167.944398880005	4.574992
168.194398880005	4.500729
168.444398880005	4.421343
168.694398880005	4.343239
168.944398880005	4.271536
169.194398880005	4.215198
169.444398880005	4.167823
169.694398880005	4.137093
169.944398880005	4.114046
170.194398880005	4.115326
170.444398880005	4.211357
170.694398880005	4.367566
170.944398880005	4.56987
171.194398880005	4.706874
171.444398880005	4.768333
171.694398880005	4.767053
171.944398880005	4.717117
172.194398880005	4.66206
172.444398880005	4.645414
172.694398880005	4.681266
172.944398880005	4.703032
173.194398880005	4.66206
173.444398880005	4.624928
173.694398880005	4.580114
173.944398880005	4.508411
174.194398880005	4.434147
174.444398880005	4.356043
174.694398880005	4.303546
174.944398880005	4.324032
175.194398880005	4.44311
175.444398880005	4.647975
175.694398880005	4.786259
175.944398880005	4.85156
176.194398880005	4.889972
176.444398880005	4.856681
176.694398880005	4.85156
176.944398880005	4.965516
177.194398880005	5.116063
177.444398880005	5.185205
177.694398880005	5.215934
177.944398880005	5.17112
178.194398880005	5.07637
178.444398880005	4.958573
178.694398880005	4.844616
178.944398880005	4.76011
179.194398880005	4.706333
179.444398880005	4.649995
179.694398880005	4.589816
179.944398880005	4.548843
180.194398880005	4.521955
180.444398880005	4.495066
180.694398880005	4.486103
180.944398880005	4.470738
181.194398880005	4.434887
181.444398880005	4.430306
181.694398880005	4.403418
181.944398880005	4.390614
182.194398880005	4.382931
182.444398880005	4.372688
182.694398880005	4.332995
182.944398880005	4.304826
183.194398880005	4.288181
183.444398880005	4.258732
183.694398880005	4.249769
183.944398880005	4.279218
184.194398880005	4.318911
184.444398880005	4.393175
184.694398880005	4.446951
184.944398880005	4.393175
185.194398880005	4.361164
185.444398880005	4.363725
185.694398880005	4.302266
185.944398880005	4.307387
186.194398880005	4.532739
186.444398880005	4.783698
186.694398880005	4.962955
186.944398880005	5.049481
187.194398880005	5.10838
187.444398880005	5.087894
187.694398880005	5.002107
187.944398880005	4.91888
188.194398880005	4.925282
188.444398880005	4.994424
188.694398880005	5.058444
188.944398880005	5.058444
189.194398880005	5.01235
189.444398880005	4.950891
189.694398880005	4.85358
189.944398880005	4.738343
190.194398880005	4.638471
190.444398880005	4.592377
190.694398880005	4.57061
190.944398880005	4.564208
191.194398880005	4.593657
191.444398880005	4.623106
191.694398880005	4.649995
191.944398880005	4.656397
192.194398880005	4.625667
192.444398880005	4.582133
192.694398880005	4.542441
192.944398880005	4.495066
193.194398880005	4.44641
193.444398880005	4.430306
193.694398880005	4.421343
193.944398880005	4.445671
194.194398880005	4.555786
194.444398880005	4.66334
194.694398880005	4.717117
194.944398880005	4.735043
195.194398880005	4.731202
195.444398880005	4.686388
195.694398880005	4.659499
195.944398880005	4.697911
196.194398880005	4.7901
196.444398880005	4.887411
196.694398880005	4.943749
196.944398880005	4.94961
197.194398880005	4.9176
197.444398880005	4.827971
197.694398880005	4.731941
197.944398880005	4.653836
198.194398880005	4.671762
198.444398880005	4.28892
198.694398880005	4.53786
198.944398880005	4.527617
199.194398880005	4.516093
199.444398880005	4.541701
199.694398880005	4.671022
199.944398880005	4.934786
200.194398880005	5.098678
200.444398880005	5.364461
200.694398880005	5.372144
200.944398880005	5.346536
201.194398880005	5.303002
201.444398880005	5.29788
201.694398880005	5.346536
201.944398880005	5.36062
202.194398880005	5.388789
202.444398880005	4.28892
202.694398880005	5.098678
202.944398880005	5.228738
203.194398880005	5.105819
203.444398880005	4.977779
203.694398880005	4.863823
203.944398880005	4.827971
204.194398880005	4.975218
204.444398880005	5.160877
204.694398880005	5.292759
204.944398880005	5.375985
205.194398880005	5.313245
205.444398880005	5.005948
205.694398880005	5.20057
205.944398880005	5.349097
206.194398880005	5.424641
206.444398880005	5.521951
206.694398880005	5.503394
206.944398880005	5.496992
207.194398880005	5.354867
207.444398880005	5.246032
207.694398880005	5.151282
207.944398880005	5.047569
208.194398880005	4.787647
208.444398880005	4.863823
208.694398880005	4.807485
208.944398880005	4.772914
209.194398880005	4.802363
209.444398880005	4.819008
209.694398880005	4.57061
209.944398880005	4.820289
