onset	TEMP
0.928510904312134	34.47
2.92860102653503	34.47
4.92870092391968	34.47
6.92879104614258	34.47
8.9288809299469	34.47
10.9289710521698	34.47
12.9290709495544	34.47
14.9291610717773	34.47
16.9292509555817	34.47
18.9293410778046	34.47
20.9294409751892	34.47
22.9295310974121	34.47
24.9296209812164	34.47
26.9297111034393	34.47
28.929811000824	34.47
30.9299008846283	34.47
32.9299910068512	34.47
34.9300909042358	34.47
36.9301810264587	34.47
38.9302709102631	34.47
40.930361032486	34.47
42.9304609298706	34.47
44.9305510520935	34.47
46.9306409358978	34.47
48.9307310581207	34.47
50.9308309555054	34.47
52.9309210777283	34.47
54.9310109615326	34.47
56.9311010837555	34.47
58.9312009811401	34.47
60.931291103363	34.47
62.9313809871674	34.47
64.9314711093903	34.47
66.9315710067749	34.47
68.9316608905792	34.47
70.9317510128021	34.47
72.9318408966064	34.47
74.9319410324097	34.47
76.932030916214	34.47
78.9321210384369	34.47
80.9322109222412	34.47
82.9323110580444	34.47
84.9324009418488	34.47
86.9324910640717	34.47
88.9325909614563	34.47
90.9326810836792	34.47
92.9327709674835	34.47
94.9328610897064	34.47
96.9329609870911	34.47
98.933051109314	34.47
100.933140993118	34.47
102.933230876923	34.47
104.933331012726	34.47
106.93342089653	34.47
108.933511018753	34.47
110.933600902557	34.47
112.933701038361	34.47
114.933790922165	34.47
116.933881044388	34.47
118.933970928192	34.47
120.934071063995	34.47
122.9341609478	34.47
124.934251070023	34.47
126.934340953827	34.47
128.93444108963	34.47
130.934530973434	34.47
132.934621095657	34.47
134.934710979462	34.47
136.934810876846	34.47
138.934900999069	34.47
140.934990882874	34.47
142.935091018677	34.47
144.935180902481	34.47
146.935271024704	34.47
148.935360908508	34.47
150.935461044312	34.47
152.935550928116	34.47
154.935641050339	34.47
156.935730934143	34.47
158.935831069946	34.47
160.935920953751	34.47
162.936011075974	34.47
164.936100959778	34.47
166.936201095581	34.47
168.936290979385	34.47
170.936381101608	34.47
172.936470985413	34.47
174.936570882797	34.47
176.93666100502	34.47
178.936750888824	34.47
180.936841011047	34.47
182.936940908432	34.47
184.937031030655	34.47
186.937120914459	34.47
188.937221050262	34.47
190.937310934067	34.47
192.93740105629	34.47
194.937490940094	34.47
196.937591075897	34.47
198.937680959702	34.47
200.937771081924	34.47
202.937860965729	34.47
204.937961101532	34.47
206.938050985336	34.47
208.938141107559	34.47
