onset	IBI
-3.29753303527832	68.5682548407759
-2.42249298095703	68.5682548407759
-1.60995316505432	73.8427275435958
-0.781793117523193	72.4494707203917
0.108876943588257	67.3653047572705
0.952666997909546	71.1078243494523
1.81207704544067	69.8149484975125
2.70274686813354	67.3653047572705
3.57778692245483	68.5682548407759
4.43719696998596	69.8149484975125
5.28098702430725	71.1078243494523
6.14040684700012	69.8149484975125
6.95293688774109	73.8427275435958
7.81235694885254	69.8149647446064
8.62489700317383	73.8427275435958
9.46867704391479	71.1078243494523
10.3437168598175	68.5682548407759
11.2187669277191	68.5682548407759
12.0625469684601	71.1078243494523
12.9375970363617	68.5682548407759
13.8126368522644	68.5682548407759
14.6876769065857	68.5682548407759
15.562716960907	68.5682548407759
16.4221270084381	69.8149484975125
17.312796831131	67.3653047572705
18.2190868854523	66.2038356516262
19.1410069465637	65.0817312651661
20.0004169940948	69.8149484975125
20.8442070484161	71.1078243494523
21.7192468643188	68.5682548407759
22.5317869186401	73.8427275435958
23.3911969661713	69.8149484975125
24.2506170272827	69.8149484975125
25.0319068431854	76.796461219067
25.7819368839264	79.9962881722288
26.781986951828	59.9972401269542
27.6101469993591	72.4494707203917
28.4226870536804	73.8427275435958
29.2977268695831	68.5682548407759
30.1727669239044	68.5682548407759
31.0321769714355	69.8149484975125
31.891597032547	69.8149484975125
32.7510068416595	69.8149484975125
33.672926902771	65.0817312651661
34.5010869503021	72.4494707203917
35.4073870182037	66.2038356516262
36.2824268341064	68.5682548407759
37.0949568748474	73.8427275435958
37.8918769359589	75.2906501435479
38.7356569766998	71.1078243494523
39.5794470310211	71.1078243494523
40.407616853714	72.4494707203917
41.2826569080353	68.5682548407759
42.1576969623566	68.5682548407759
43.0171070098877	69.8149484975125
43.8921468257904	68.5682548407759
44.7359368801117	71.1078243494523
45.6266069412231	67.3653047572705
46.5328969955444	66.2038356516262
47.4235670566559	67.3653047572705
48.3142268657684	67.3653047572705
49.2048969268799	67.3653047572705
50.1111869812012	66.2038356516262
50.9862270355225	68.5682548407759
51.783136844635	75.2906218001486
52.6581768989563	68.5682548407759
53.4238469600677	78.3637134212879
54.2363770008087	73.8427548073479
55.0332870483398	75.2906218001486
55.8458268642426	73.8427275435958
56.673996925354	72.4494707203917
57.486526966095	73.8427275435958
58.3928270339966	66.2038356516262
59.1584868431091	78.3637441256578
60.0647768974304	66.2038137368941
60.8929369449615	72.4494969650302
61.783607006073	67.3653047572705
62.7055170536041	65.0817312651661
63.5805668830872	68.5682548407759
64.3618469238281	76.7964415600839
65.4243969917297	56.4679840647349
69.5183370113373	69.8149484975125
70.42462682724	66.2038356516262
71.2527968883514	72.4494707203917
72.1747069358826	65.0817312651661
73.0184969902039	71.1078243494523
73.8779170513153	69.8149484975125
74.7685768604279	67.3653047572705
75.6436169147491	68.5682548407759
76.4717869758606	72.4494707203917
77.3311970233917	69.8149484975125
78.1593668460846	72.4494969650302
79.0187768936157	69.8149484975125
79.9094469547272	67.3653047572705
80.7063570022583	75.2906218001486
81.5501470565796	71.1078243494523
82.4095568656921	69.8149484975125
83.2845969200134	68.5682548407759
84.1596369743347	68.5682548407759
85.003427028656	71.1078243494523
85.8784668445587	68.5682548407759
86.7847669124603	66.2038356516262
87.6598069667816	68.5682548407759
88.5035870075226	71.1078243494523
89.3473768234253	71.1078243494523
90.2067968845367	69.8149484975125
91.050586938858	71.1078327766578
91.8943769931793	71.1078243494523
92.7537870407104	69.8149484975125
93.6444568634033	67.3653047572705
94.5507469177246	66.2038356516262
95.4257869720459	68.5682548407759
96.3164570331573	67.3653047572705
97.2227468490601	66.2038356516262
98.0509068965912	72.4494707203917
98.9103269577026	69.8149484975125
99.7228569984436	73.8427275435958
100.613527059555	67.3653047572705
101.472946882248	69.8149484975125
102.332356929779	69.8149484975125
103.223026990891	67.3653047572705
104.066817045212	71.1078243494523
104.926226854324	69.8149484975125
105.848146915436	65.0817312651661
106.738806962967	67.3653047572705
107.535727024078	75.2906218001486
112.739086866379	69.8149647446064
113.59850692749	69.8149484975125
114.489166975021	67.3653047572705
115.411087036133	65.0817171463967
116.364256858826	62.9479071447029
117.239296913147	68.5682548407759
118.145586967468	66.2038356516262
119.03625702858	67.3653047572705
119.926926851273	67.3653047572705
120.801966905594	68.5682548407759
121.692626953125	67.3653047572705
122.583297014236	67.3653047572705
123.473956823349	67.3653047572705
124.380256891251	66.2038356516262
125.224046945572	71.1078243494523
126.099086999893	68.5682548407759
126.974127054214	68.5682548407759
127.864786863327	67.3653047572705
128.739826917648	68.5682548407759
129.61486697197	68.5682548407759
130.474287033081	69.8149484975125
131.349326848984	68.5682548407759
132.224366903305	68.5682548407759
133.083776950836	69.8149647446064
134.146327018738	56.4679840647349
138.115267038345	71.1078243494523
138.959056854248	71.1078243494523
139.787216901779	72.4494707203917
140.6310069561	71.1078327766578
141.506047010422	68.5682548407759
142.412336826324	66.2038137368941
143.287376880646	68.5682626767861
144.146796941757	69.8149484975125
145.006206989288	69.8149484975125
145.84999704361	71.1078243494523
146.725036859512	68.5682548407759
147.537576913834	73.8427275435958
148.334486961365	75.2906218001486
149.178277015686	71.1078243494523
150.037686824799	69.8149484975125
150.83460688591	75.2906218001486
151.662766933441	72.4494969650302
152.537806987762	68.5682548407759
153.350347042084	73.8427275435958
154.256636857986	66.2038356516262
155.131676912308	68.5682548407759
155.959836959839	72.4494707203917
156.83487701416	68.5682548407759
157.709916830063	68.5682548407759
158.538086891174	72.4494707203917
159.428746938705	67.3653047572705
160.241286993027	73.8427275435958
161.116327047348	68.5682548407759
161.928866863251	73.8427275435958
162.725776910782	75.2906501435479
163.569566965103	71.1078243494523
164.444607019424	68.5682548407759
165.350896835327	66.2038356516262
166.225936889648	68.5682548407759
167.05410695076	72.4494707203917
167.929147005081	68.5682548407759
168.866687059402	63.997037363817
169.726106882095	69.8149484975125
170.585516929626	69.8149484975125
171.444936990738	69.8149484975125
172.319977045059	68.5682548407759
173.179386854172	69.8149484975125
174.038806915283	69.8149484975125
174.898216962814	69.8149484975125
175.773257017136	68.5682548407759
176.648296833038	68.5682548407759
177.52333688736	68.5682548407759
178.320246934891	75.2906218001486
179.132786989212	73.8427548073479
179.992207050323	69.8149484975125
180.835996866226	71.1078243494523
181.711036920547	68.5682548407759
182.554826974869	71.1078243494523
183.42986702919	68.5682548407759
184.289276838303	69.8149484975125
185.211196899414	65.0817312651661
186.117486953735	66.2038356516262
186.992527008057	68.5682548407759
187.898816823959	66.2038356516262
188.805106878281	66.2038356516262
189.742656946182	63.997037363817
190.648947000504	66.2038356516262
191.570866823196	65.0817171463967
192.461526870728	67.3653047572705
193.320946931839	69.8149484975125
194.19598698616	68.5682626767861
195.055397033691	69.8149484975125
195.961696863174	66.2038356516262
196.805486917496	71.1078243494523
197.696146965027	67.3653047572705
198.571187019348	68.5682548407759
199.508736848831	63.997037363817
200.336896896362	72.4494707203917
201.227566957474	67.3653047572705
202.102607011795	68.5682548407759
202.977646827698	68.5682548407759
203.805806875229	72.4494707203917
204.69647693634	67.3653047572705
205.477756977081	76.7964415600839
